support,itemsets
0.01458504200328347,frozenset({'100% Raw Coconut Water'})
0.01127475130470626,frozenset({'100% Recycled Paper Towels'})
0.024837767523013227,frozenset({'100% Whole Wheat Bread'})
0.013561604580482414,frozenset({'2% Reduced Fat Milk'})
0.035598682659582125,frozenset({'Apple Honeycrisp Organic'})
0.02755093542180444,frozenset({'Asparagus'})
0.15036483779575577,frozenset({'Bag of Organic Bananas'})
0.1910680028289222,frozenset({'Banana'})
0.01483349026040483,frozenset({'Bartlett Pears'})
0.022819125433902177,frozenset({'Blueberries'})
0.02051815577988049,frozenset({'Boneless Skinless Chicken Breasts'})
0.017627121515195576,frozenset({'Broccoli Crown'})
0.018923005038135397,frozenset({'Bunched Cilantro'})
0.031068736880590968,frozenset({'Carrots'})
0.016239481533659797,"frozenset({'Clementines, Bag'})"
0.040905029242077534,frozenset({'Cucumber Kirby'})
0.019906916601848963,frozenset({'Extra Virgin Olive Oil'})
0.011026303047584899,frozenset({'Fat Free Milk'})
0.013859460161463135,frozenset({'Feta Cheese Crumbles'})
0.03020057961849076,frozenset({'Fresh Cauliflower'})
0.010000042349134737,frozenset({'Fresh Ginger Root'})
0.012826141273890205,frozenset({'Frozen Organic Wild Blueberries'})
0.015440494524962697,frozenset({'Garlic'})
0.014304126076197387,frozenset({'Granny Smith Apples'})
0.016304416873589245,frozenset({'Grape White/Green Seedless'})
0.019028877874976886,frozenset({'Grated Parmesan'})
0.011997509870877488,frozenset({'Green Beans'})
0.023337196515513192,frozenset({'Green Bell Pepper'})
0.011067240544496941,frozenset({'Green Onions'})
0.011216874153899579,frozenset({'Ground Turkey Breast'})
0.027521291027488824,frozenset({'Half & Half'})
0.018170602077648552,frozenset({'Hass Avocados'})
0.010895020729901454,frozenset({'Honey Nut Cheerios'})
0.03324830568170108,frozenset({'Honeycrisp Apple'})
0.012151378393753786,frozenset({'Italian Sparkling Mineral Water'})
0.017844513740176766,frozenset({'Jalapeno Peppers'})
0.016490753066430264,frozenset({'Large Alfresco Eggs'})
0.06348135297015657,frozenset({'Large Lemon'})
0.010571755668078775,frozenset({'Lightly Salted Baked Snap Pea Crisps'})
0.01883124857953944,frozenset({'Lime Sparkling Water'})
0.05873966151748243,frozenset({'Limes'})
0.028409211219132775,frozenset({'Michigan Organic Kale'})
0.011818231867159234,frozenset({'No Salt Added Black Beans'})
0.016718026756183328,frozenset({'Orange Bell Pepper'})
0.07323153542434539,frozenset({'Organic Avocado'})
0.030529491231611652,frozenset({'Organic Baby Arugula'})
0.013335742528553905,frozenset({'Organic Baby Broccoli'})
0.031951010520936705,frozenset({'Organic Baby Carrots'})
0.09904192140847576,frozenset({'Organic Baby Spinach'})
0.016006561292608523,frozenset({'Organic Bartlett Pear'})
0.01108418019839158,frozenset({'Organic Basil'})
0.010203318195870394,frozenset({'Organic Bell Pepper'})
0.01610819921597635,frozenset({'Organic Black Beans'})
0.025440536874097433,frozenset({'Organic Blackberries'})
0.04022885472411656,frozenset({'Organic Blueberries'})
0.016111022491625458,frozenset({'Organic Broccoli'})
0.013618070093464541,frozenset({'Organic Broccoli Florets'})
0.01519345790566589,frozenset({'Organic Carrot Bunch'})
0.029345127096811533,frozenset({'Organic Cilantro'})
0.011500613356634768,frozenset({'Organic Coconut Milk'})
0.03391318709706563,frozenset({'Organic Cucumber'})
0.020947293678544657,"frozenset({""Organic D'Anjou Pears""})"
0.01215843658287655,frozenset({'Organic Extra Firm Tofu'})
0.010772208239165327,frozenset({'Organic Fat Free Milk'})
0.036894566182521946,frozenset({'Organic Fuji Apple'})
0.030573252004172803,frozenset({'Organic Gala Apples'})
0.012754147744837994,frozenset({'Organic Garbanzo Beans'})
0.04664051372323711,frozenset({'Organic Garlic'})
0.021716636292926143,frozenset({'Organic Garnet Sweet Potato (Yam)'})
0.022028608252152394,frozenset({'Organic Ginger Root'})
0.016655914691902987,frozenset({'Organic Grade A Free Range Large Brown Eggs'})
0.024436862380840123,frozenset({'Organic Granny Smith Apple'})
0.03586548220842268,frozenset({'Organic Grape Tomatoes'})
0.02955687277049451,frozenset({'Organic Half & Half'})
0.08879766571569332,frozenset({'Organic Hass Avocado'})
0.010122854839870863,frozenset({'Organic Heavy Whipping Cream'})
0.010083328980783374,frozenset({'Organic Hothouse Cucumbers'})
0.02565651746125407,frozenset({'Organic Italian Parsley Bunch'})
0.020919060922053593,frozenset({'Organic Kiwi'})
0.018176248628946762,frozenset({'Organic Lacinato (Dinosaur) Kale'})
0.013201636935221353,frozenset({'Organic Large Brown Grade AA Cage Free Eggs'})
0.03138212047764177,frozenset({'Organic Large Extra Fancy Fuji Apple'})
0.010575990581552435,frozenset({'Organic Large Grade AA Brown Eggs'})
0.03675057912441752,frozenset({'Organic Lemon'})
0.011218285791724132,frozenset({'Organic Milk'})
0.01804214303561421,frozenset({'Organic Navel Orange'})
0.02331743358596945,frozenset({'Organic Peeled Whole Baby Carrots'})
0.05648951082514466,frozenset({'Organic Raspberries'})
0.02472907141052263,frozenset({'Organic Red Bell Pepper'})
0.028424739235202858,frozenset({'Organic Red Onion'})
0.011520376286178514,"frozenset({'Organic Red Radish, Bunch'})"
0.01918698131132684,frozenset({'Organic Reduced Fat 2% Milk'})
0.014542692868546874,frozenset({'Organic Reduced Fat Milk'})
0.011909988325755192,frozenset({'Organic Roasted Turkey Breast'})
0.012363124067436762,frozenset({'Organic Roma Tomato'})
0.010046626397344991,frozenset({'Organic Romaine'})
0.014884309222088743,frozenset({'Organic Romaine Lettuce'})
0.013704180000762284,frozenset({'Organic Russet Potato'})
0.028760709037446517,frozenset({'Organic Small Bunch Celery'})
0.011158997003092898,frozenset({'Organic Sour Cream'})
0.012731561539645142,frozenset({'Organic Spring Mix'})
0.014316830816618366,frozenset({'Organic Sticks Low Moisture Part Skim Mozzarella String Cheese'})
0.10914077840532921,frozenset({'Organic Strawberries'})
0.026967929000263978,frozenset({'Organic Tomato Cluster'})
0.023450127541477447,frozenset({'Organic Unsweetened Almond Milk'})
0.05578933846416628,frozenset({'Organic Whole Milk'})
0.013385149852413266,frozenset({'Organic Whole Strawberries'})
0.025324782572484075,frozenset({'Organic Whole String Cheese'})
0.04778535199894974,frozenset({'Organic Yellow Onion'})
0.04410662382816415,frozenset({'Organic Zucchini'})
0.030042476182140804,frozenset({'Original Hummus'})
0.010190613455449415,frozenset({'Pineapple Chunks'})
0.012899546440766971,frozenset({'Pure Irish Butter'})
0.01149214352968745,frozenset({'Pure Sparkling Water'})
0.021548651391804313,frozenset({'Raspberries'})
0.01804214303561421,frozenset({'Red Onion'})
0.023450127541477447,frozenset({'Red Peppers'})
0.010868199611234943,frozenset({'Red Raspberries'})
0.022610203035868307,frozenset({'Red Vine Tomato'})
0.0164173478995535,frozenset({'Roma Tomato'})
0.010295074654466352,frozenset({'Romaine Hearts'})
0.012147143480280126,frozenset({'Russet Potato'})
0.03422515905629188,frozenset({'Seedless Red Grapes'})
0.012545225346804122,frozenset({'Sharp Cheddar Cheese'})
0.011143468987022814,frozenset({'Shredded Mild Cheddar Cheese'})
0.01551248805401491,frozenset({'Shredded Parmesan'})
0.020200537269356025,frozenset({'Small Hass Avocado'})
0.01355172311571054,frozenset({'Sparkling Lemon Water'})
0.015871044061451418,frozenset({'Sparkling Natural Mineral Water'})
0.030602896398488417,frozenset({'Sparkling Water Grapefruit'})
0.019069815371888926,frozenset({'Spring Water'})
0.056449984966057166,frozenset({'Strawberries'})
0.010659277213201073,frozenset({'Total 0% Greek Yogurt'})
0.010974072448076432,frozenset({'Total 0% Nonfat Greek Yogurt'})
0.012658156372768377,frozenset({'Total 2% with Strawberry Lowfat Greek Strained Yogurt'})
0.011070063820146048,frozenset({'Total Greek Strained Yogurt'})
0.017199395254355963,frozenset({'Uncured Genoa Salami'})
0.014617509673248192,frozenset({'Unsalted Butter'})
0.02008337132991811,frozenset({'Unsweetened Almondmilk'})
0.013949804982234538,frozenset({'Unsweetened Original Almond Breeze Almond Milk'})
0.010357186718746692,frozenset({'Unsweetened Vanilla Almond Milk'})
0.012207843906735912,frozenset({'Vanilla Almond Breeze Almond Milk'})
0.010045214759520438,frozenset({'Watermelon Chunks'})
0.01309858737402897,frozenset({'Whipped Cream Cheese'})
0.013025182207152205,frozenset({'Whole Milk'})
0.010784912979586305,frozenset({'Yellow Bell Pepper'})
0.030899340341644585,frozenset({'Yellow Onions'})
0.01018779017980031,"frozenset({'Apple Honeycrisp Organic', 'Bag of Organic Bananas'})"
0.02148512768969942,"frozenset({'Organic Baby Spinach', 'Bag of Organic Bananas'})"
0.026620666095423892,"frozenset({'Organic Hass Avocado', 'Bag of Organic Bananas'})"
0.010104503548151672,"frozenset({'Organic Large Extra Fancy Fuji Apple', 'Bag of Organic Bananas'})"
0.017317972831618428,"frozenset({'Organic Raspberries', 'Bag of Organic Bananas'})"
0.026482325588617683,"frozenset({'Organic Strawberries', 'Bag of Organic Bananas'})"
0.011263458202109835,"frozenset({'Organic Whole Milk', 'Bag of Organic Bananas'})"
0.010599988424569839,"frozenset({'Bag of Organic Bananas', 'Organic Yellow Onion'})"
0.014000623943918452,"frozenset({'Cucumber Kirby', 'Banana'})"
0.012161259858525657,"frozenset({'Banana', 'Honeycrisp Apple'})"
0.017635591342142893,"frozenset({'Large Lemon', 'Banana'})"
0.01364912612560471,"frozenset({'Limes', 'Banana'})"
0.022734427164428986,"frozenset({'Organic Avocado', 'Banana'})"
0.02208789704078363,"frozenset({'Organic Baby Spinach', 'Banana'})"
0.014299891162723727,"frozenset({'Organic Fuji Apple', 'Banana'})"
0.01362653992041186,"frozenset({'Organic Hass Avocado', 'Banana'})"
0.024239233085402677,"frozenset({'Organic Strawberries', 'Banana'})"
0.01358701406132437,"frozenset({'Organic Whole Milk', 'Banana'})"
0.010650807386253753,"frozenset({'Seedless Red Grapes', 'Banana'})"
0.017717466335966978,"frozenset({'Strawberries', 'Banana'})"
0.011797057299790937,"frozenset({'Limes', 'Large Lemon'})"
0.010595753511096179,"frozenset({'Organic Avocado', 'Large Lemon'})"
0.013273630464273564,"frozenset({'Organic Avocado', 'Organic Baby Spinach'})"
0.010252725519729756,"frozenset({'Organic Avocado', 'Organic Strawberries'})"
0.014939363097246318,"frozenset({'Organic Baby Spinach', 'Organic Hass Avocado'})"
0.016329826354431202,"frozenset({'Organic Strawberries', 'Organic Baby Spinach'})"
0.010060742775590523,"frozenset({'Organic Strawberries', 'Organic Blueberries'})"
0.01094160477811171,"frozenset({'Organic Raspberries', 'Organic Hass Avocado'})"
0.017656765909511193,"frozenset({'Organic Strawberries', 'Organic Hass Avocado'})"
0.014520106663354022,"frozenset({'Organic Strawberries', 'Organic Raspberries'})"
0.010360009994395798,"frozenset({'Organic Strawberries', 'Organic Whole Milk'})"
